id,group,theta,I01,I02,I03,I04,I05,I06,I07,I08,I09,I10
1,LowVVIQ,-0.5604756465522126,1,4,3,1,5,1,1,1,1,2
2,LowVVIQ,-0.23017748948327996,2,1,4,2,4,4,2,2,1,1
3,HighVVIQ,1.558708314149124,5,5,5,5,5,5,3,5,5,4
4,HighVVIQ,0.070508391424576,2,3,5,4,4,4,4,4,5,1
5,HighVVIQ,0.12928773516094624,5,2,5,3,4,3,5,1,2,2
6,HighVVIQ,1.715064986883281,5,5,5,5,5,5,4,4,5,5
7,HighVVIQ,0.4609162059892023,5,4,5,4,4,4,5,3,4,3
8,LowVVIQ,-1.265061234606534,1,1,2,1,4,1,3,1,2,1
9,LowVVIQ,-0.6868528518935261,2,2,2,2,3,2,3,1,1,1
10,LowVVIQ,-0.44566197009995806,1,2,4,4,1,4,3,2,3,1
11,HighVVIQ,1.2240817974394615,5,5,5,5,5,5,4,3,5,5
12,HighVVIQ,0.3598138270573638,4,3,3,4,2,5,3,2,2,2
13,HighVVIQ,0.40077145059405217,3,5,5,3,2,2,4,4,5,2
14,HighVVIQ,0.1106827159451197,2,5,4,2,4,4,5,1,3,2
15,LowVVIQ,-0.5558411347540749,5,3,5,3,4,1,2,1,2,1
16,HighVVIQ,1.7869131368030782,5,5,5,5,5,5,5,5,5,5
17,HighVVIQ,0.4978504782292394,2,5,5,5,3,5,4,2,4,3
18,LowVVIQ,-1.9666171566296382,1,1,1,1,1,1,3,1,1,1
19,HighVVIQ,0.7013559015636855,5,3,4,5,3,5,4,2,3,2
20,LowVVIQ,-0.47279140772793404,1,3,4,2,4,2,4,1,3,2
21,LowVVIQ,-1.0678237059868452,1,1,4,3,3,1,1,1,1,1
22,LowVVIQ,-0.21797491465829513,3,3,2,4,2,4,4,1,2,1
23,LowVVIQ,-1.0260044483072397,2,1,4,1,1,2,3,1,1,1
24,LowVVIQ,-0.7288912292911403,2,3,5,1,4,1,2,1,1,1
25,LowVVIQ,-0.6250392678492567,1,4,2,1,3,2,1,1,3,1
26,LowVVIQ,-1.6866933107424134,1,1,2,1,1,1,1,1,2,1
27,HighVVIQ,0.8377870444945247,5,5,5,5,5,5,5,4,4,2
28,HighVVIQ,0.15337311783651522,4,5,5,3,5,2,4,1,4,4
29,LowVVIQ,-1.1381369370119476,1,1,4,1,3,2,2,1,3,1
30,HighVVIQ,1.2538149210699268,5,5,5,5,5,5,5,3,5,3
31,HighVVIQ,0.42646422147681357,5,5,4,5,3,1,4,2,4,2
32,LowVVIQ,-0.29507148299227115,2,3,3,2,3,4,3,2,5,2
33,HighVVIQ,0.8951256610450222,5,5,5,5,5,5,5,3,4,5
34,HighVVIQ,0.8781334875330422,5,5,5,5,5,5,5,3,5,3
35,HighVVIQ,0.8215810816374871,5,5,4,5,3,5,4,2,5,3
36,HighVVIQ,0.688640254100091,2,5,2,5,4,5,5,2,4,3
37,HighVVIQ,0.5539176535375888,5,5,5,5,5,5,5,2,5,3
38,LowVVIQ,-0.06191171057672168,4,4,5,3,4,4,4,2,2,1
39,LowVVIQ,-0.30596266373991676,1,4,3,2,2,3,4,3,3,3
40,LowVVIQ,-0.3804710010123827,3,5,5,3,3,2,4,1,2,1
41,LowVVIQ,-0.6947069789205127,1,1,3,2,2,2,3,1,1,1
42,LowVVIQ,-0.20791727801959878,4,2,5,4,4,3,3,1,4,1
43,LowVVIQ,-1.2653963515682645,1,2,3,1,4,1,3,1,2,1
44,HighVVIQ,2.1689559653385126,5,5,5,5,5,5,5,5,5,5
45,HighVVIQ,1.2079619983049905,5,5,4,4,5,5,5,3,5,3
46,LowVVIQ,-1.1231085832033492,2,2,4,1,2,1,2,2,1,1
47,LowVVIQ,-0.402884835299076,4,4,3,2,1,1,5,2,1,1
48,LowVVIQ,-0.46665535362321886,5,3,2,1,3,3,3,1,1,3
49,HighVVIQ,0.7799651183363179,5,5,5,4,4,5,1,3,5,5
50,LowVVIQ,-0.08336906647182928,1,4,4,4,5,5,5,1,1,1
51,HighVVIQ,0.2533185139947548,4,5,5,4,1,5,3,2,4,3
52,LowVVIQ,-0.028546755348703018,3,4,3,4,5,4,5,2,2,1
53,LowVVIQ,-0.04287045729131609,3,5,4,4,5,4,4,2,1,1
54,HighVVIQ,1.3686022840144576,5,5,5,5,5,5,5,3,5,4
55,LowVVIQ,-0.22577098565926762,4,5,5,2,4,2,2,4,2,1
56,HighVVIQ,1.5164706044295397,5,5,5,5,5,5,4,5,5,5
57,LowVVIQ,-1.5487528042302212,1,1,4,1,3,1,3,1,3,1
58,HighVVIQ,0.5846137496360692,5,5,5,5,4,5,3,3,5,3
59,HighVVIQ,0.12385424384461378,3,4,4,3,5,5,2,3,5,4
60,HighVVIQ,0.21594156874397272,4,4,5,2,5,5,5,3,5,4
61,HighVVIQ,0.3796394827598821,2,5,5,5,5,5,4,1,5,1
62,LowVVIQ,-0.5023234531093023,1,3,5,3,2,2,5,3,1,1
63,LowVVIQ,-0.3332073836694201,1,4,1,2,3,2,4,1,3,2
64,LowVVIQ,-1.0185753831070887,1,1,3,1,2,1,2,1,1,1
65,LowVVIQ,-1.0717912264755778,1,1,3,3,2,1,2,1,1,1
66,HighVVIQ,0.30352864140425806,4,4,5,5,5,4,5,1,3,3
67,HighVVIQ,0.4482097786294262,5,5,3,4,5,4,3,2,3,5
68,HighVVIQ,0.053004226730504145,3,4,5,3,4,2,5,1,5,2
69,HighVVIQ,0.9222674678797376,4,3,5,3,5,5,5,1,5,5
70,HighVVIQ,2.0500846856271444,5,5,5,5,5,5,5,5,5,3
71,LowVVIQ,-0.4910311660565353,2,3,5,5,4,3,5,2,2,3
72,LowVVIQ,-2.3091688756408124,1,1,2,1,1,1,1,1,1,1
73,HighVVIQ,1.0057385244622565,5,5,4,5,5,4,5,3,5,5
74,LowVVIQ,-0.7092007625823926,1,1,5,1,1,2,4,1,1,2
75,LowVVIQ,-0.688008616467358,1,2,2,1,3,1,5,1,1,1
76,HighVVIQ,1.0255713696966988,5,5,5,5,4,5,5,4,4,3
77,LowVVIQ,-0.2847730070510089,4,5,5,3,3,3,5,3,2,2
78,LowVVIQ,-1.2207177122545356,2,1,4,1,1,2,2,1,1,1
79,HighVVIQ,0.1813034797491502,3,5,4,5,3,4,2,2,5,2
80,LowVVIQ,-0.13889136243904462,1,4,5,2,3,3,5,1,4,3
81,LowVVIQ,0.005764185899886933,5,4,3,4,5,5,2,4,4,2
82,HighVVIQ,0.3852804011263305,4,5,5,5,4,5,3,1,5,1
83,LowVVIQ,-0.37066003179240936,2,2,4,2,2,3,4,3,2,2
84,HighVVIQ,0.644376548518833,5,5,5,5,5,4,4,2,3,3
85,LowVVIQ,-0.22048656181875062,1,5,5,4,5,5,5,1,1,2
86,HighVVIQ,0.3317819639156969,3,4,5,3,5,3,5,3,2,1
87,HighVVIQ,1.0968390131493477,4,5,5,5,4,5,5,2,4,4
88,HighVVIQ,0.43518149083380286,3,3,5,3,5,5,5,3,2,1
89,LowVVIQ,-0.32593158553122675,3,4,5,2,2,2,4,2,3,1
90,HighVVIQ,1.1488076184510938,4,5,5,5,5,5,5,3,4,2
91,HighVVIQ,0.9935038559621194,5,5,3,5,5,5,5,1,5,4
92,HighVVIQ,0.54839695950807,5,4,5,4,5,5,4,3,5,1
93,HighVVIQ,0.2387317351114412,3,5,4,5,4,4,5,1,3,4
94,LowVVIQ,-0.6279060760393714,2,1,2,1,3,2,2,1,1,1
95,HighVVIQ,1.3606524485300076,5,5,5,5,5,5,5,2,5,4
96,LowVVIQ,-0.6002595871471269,3,4,5,5,3,3,1,1,2,2
97,HighVVIQ,2.1873329930165766,5,5,5,5,5,5,5,3,5,5
98,HighVVIQ,1.5326106261851893,5,5,5,5,5,5,4,5,5,5
99,LowVVIQ,-0.23570035910047687,3,2,4,2,4,5,3,2,3,1
100,LowVVIQ,-1.0264209003067808,3,1,3,2,3,1,2,1,1,1
101,LowVVIQ,-0.710406563699301,3,3,5,1,2,1,4,3,2,1
102,HighVVIQ,0.2568837091565295,5,4,5,4,3,3,3,4,4,2
103,LowVVIQ,-0.24669187846237361,2,1,3,2,2,3,3,3,4,1
104,LowVVIQ,-0.3475425993977332,3,5,3,4,2,3,1,1,3,1
105,LowVVIQ,-0.9516185672650157,2,2,4,2,2,1,4,2,2,1
106,LowVVIQ,-0.04502772480892027,2,3,1,5,3,4,5,1,3,1
107,LowVVIQ,-0.7849044694570758,1,1,4,4,3,1,3,1,2,1
108,LowVVIQ,-1.6679419365881367,1,2,1,1,1,1,4,1,1,1
109,LowVVIQ,-0.38022652028776244,1,5,4,4,1,1,3,1,2,1
110,HighVVIQ,0.918996609060766,5,5,5,3,5,5,4,2,5,2
111,LowVVIQ,-0.5753469626083919,2,4,5,2,4,2,3,2,1,1
112,HighVVIQ,0.6079643222250334,5,5,5,5,5,4,5,2,3,3
113,LowVVIQ,-1.617882708289164,1,1,2,1,1,1,1,1,1,1
114,LowVVIQ,-0.05556196552453944,2,3,5,4,3,3,2,1,1,1
115,HighVVIQ,0.5194072039434623,5,3,4,3,4,4,4,1,4,2
116,HighVVIQ,0.3011533621667144,5,4,5,4,3,2,5,2,5,3
117,HighVVIQ,0.10567619414894333,5,5,5,4,5,3,1,2,2,3
118,LowVVIQ,-0.6407060083053764,1,2,4,1,1,2,1,1,2,1
119,LowVVIQ,-0.8497043460335822,3,2,1,1,2,1,3,1,1,1
120,LowVVIQ,-1.0241287906049132,1,1,3,2,1,1,4,1,2,1
121,HighVVIQ,0.11764659710012587,4,2,3,4,3,5,3,2,3,1
122,LowVVIQ,-0.9474746141848022,2,3,2,2,2,2,4,2,3,2
123,LowVVIQ,-0.49055744370066834,2,1,5,2,2,1,2,2,2,1
124,LowVVIQ,-0.25609219219824725,3,3,1,4,3,2,3,4,5,3
125,HighVVIQ,1.8438620052322074,5,5,5,5,5,5,5,3,5,5
126,LowVVIQ,-0.6519499016954585,3,2,5,1,1,3,3,1,1,3
127,HighVVIQ,0.23538657228485693,5,5,4,5,4,4,4,2,5,1
128,HighVVIQ,0.07796084956371077,5,3,5,1,5,3,3,1,4,3
129,LowVVIQ,-0.9618566341301286,2,1,3,1,1,1,3,2,1,1
130,LowVVIQ,-0.07130808612359867,3,2,5,2,2,4,3,1,4,3
131,HighVVIQ,1.4445508584233488,4,5,5,5,5,5,3,4,5,3
132,HighVVIQ,0.45150405307921465,5,4,4,5,5,5,3,2,4,5
133,HighVVIQ,0.04123292199293993,3,5,4,4,4,4,4,1,3,2
134,LowVVIQ,-0.4224968323396248,5,2,3,3,3,3,4,2,2,1
135,LowVVIQ,-2.0532472215405155,1,1,4,1,1,1,3,1,1,1
136,HighVVIQ,1.1313372134141755,5,5,5,5,5,5,5,4,5,2
137,LowVVIQ,-1.460640070924822,1,1,3,1,1,1,2,1,1,1
138,HighVVIQ,0.7399475108773345,5,5,5,5,5,5,5,2,4,1
139,HighVVIQ,1.9091035692174834,5,5,5,5,5,5,5,3,5,5
140,LowVVIQ,-1.4438931609717993,1,2,4,2,1,1,2,1,1,1
141,HighVVIQ,0.7017843353747109,5,5,5,3,4,5,5,2,5,4
142,LowVVIQ,-0.262197489402468,4,3,4,5,5,4,4,3,1,1
143,LowVVIQ,-1.5721441591454877,1,1,2,1,1,1,2,1,1,1
144,LowVVIQ,-1.5146676537817514,1,1,1,1,1,2,1,1,1,1
145,LowVVIQ,-1.6015361735745934,1,1,4,1,2,1,1,2,1,1
146,LowVVIQ,-0.530906522170303,3,5,2,1,3,1,3,1,5,3
147,LowVVIQ,-1.4617555849958999,1,1,4,2,1,1,1,2,1,1
148,HighVVIQ,0.6879167729758275,5,5,5,5,5,3,3,4,5,1
149,HighVVIQ,2.1001089405256717,5,5,5,5,5,5,5,5,5,5
150,LowVVIQ,-1.287030476035179,1,1,1,1,1,1,4,1,3,1
151,HighVVIQ,0.7877388474751781,5,5,5,5,4,3,4,3,5,1
152,HighVVIQ,0.7690422410009099,5,5,5,5,4,5,5,1,4,3
153,HighVVIQ,0.3322025789501177,4,5,3,5,4,5,4,3,4,2
154,LowVVIQ,-1.0083766082770078,1,2,2,1,2,1,4,2,1,1
155,LowVVIQ,-0.11945260663065868,5,4,5,4,3,2,4,1,1,2
156,LowVVIQ,-0.2803953351702467,1,3,5,3,3,3,3,1,1,1
157,HighVVIQ,0.5629895332204798,4,4,4,5,3,5,4,1,3,2
158,LowVVIQ,-0.37243875610382904,3,5,4,2,3,3,5,2,4,1
159,HighVVIQ,0.9769733866856207,4,4,5,5,5,5,5,5,5,4
160,LowVVIQ,-0.37458085776701383,3,2,2,2,2,3,3,1,2,2
161,HighVVIQ,1.052711465579332,5,5,5,5,4,5,5,1,5,4
162,LowVVIQ,-1.0491770066660657,1,1,3,1,2,1,3,2,2,1
163,LowVVIQ,-1.2601552447581124,1,1,1,3,2,1,5,2,1,1
164,HighVVIQ,3.2410399349424046,5,5,5,5,5,5,5,5,5,5
165,LowVVIQ,-0.4168575881604318,2,4,5,2,5,3,1,2,1,1
166,HighVVIQ,0.2982275915407153,5,5,5,5,5,4,2,1,5,3
167,HighVVIQ,0.6365696740338487,5,5,5,5,5,4,3,3,5,3
168,LowVVIQ,-0.4837806257087436,2,3,3,3,5,1,5,1,1,1
169,HighVVIQ,0.516862044313609,3,5,3,5,4,5,5,5,5,2
170,HighVVIQ,0.368964527385086,2,5,5,5,4,2,5,2,1,4
171,LowVVIQ,-0.2153805076416934,2,1,3,2,4,3,4,1,3,1
172,HighVVIQ,0.06529303352531526,4,4,5,2,2,4,3,2,4,1
173,LowVVIQ,-0.034067253738464,1,4,5,1,2,2,3,1,3,3
174,HighVVIQ,2.128451899016181,5,5,5,5,5,5,5,5,5,5
175,LowVVIQ,-0.7413360962728284,1,1,5,3,2,3,2,1,1,1
176,LowVVIQ,-1.095996267074664,1,1,1,1,1,1,2,1,2,2
177,HighVVIQ,0.03778839917107882,2,3,5,2,3,3,3,2,2,2
178,HighVVIQ,0.310480749443137,5,5,5,5,5,5,5,2,2,1
179,HighVVIQ,0.43652347891018295,5,5,4,5,5,4,5,1,5,2
180,LowVVIQ,-0.4583653327111057,2,4,2,5,3,1,5,1,3,1
181,LowVVIQ,-1.063326133971191,2,1,3,3,2,1,1,1,2,1
182,HighVVIQ,1.26318517608949,5,5,5,5,5,5,5,5,5,5
183,LowVVIQ,-0.34965038795355474,2,5,4,2,3,3,3,1,2,3
184,LowVVIQ,-0.865512862653374,2,2,4,1,2,1,3,2,2,1
185,LowVVIQ,-0.23627956894109653,4,3,3,4,3,3,1,2,4,2
186,LowVVIQ,-0.1971758943485522,3,2,3,5,2,4,4,1,1,3
187,HighVVIQ,1.1099202897136404,5,5,5,5,5,5,4,5,4,4
188,HighVVIQ,0.08473729219719646,5,5,4,2,3,5,4,1,2,1
189,HighVVIQ,0.7540537851845215,5,5,5,5,5,4,3,5,5,3
190,LowVVIQ,-0.4992920171722608,2,3,4,1,1,2,5,2,1,1
191,HighVVIQ,0.21444530958160127,4,5,4,5,5,5,3,2,3,2
192,LowVVIQ,-0.3246859114908347,2,4,2,3,3,3,3,2,1,2
193,HighVVIQ,0.09458352817357142,5,5,4,1,5,4,2,2,3,1
194,LowVVIQ,-0.8953633579775416,2,1,5,2,2,1,2,1,1,1
195,LowVVIQ,-1.310801533327972,1,1,1,1,2,1,5,1,2,1
196,HighVVIQ,1.9972133847479665,5,5,5,4,5,5,5,3,5,5
197,HighVVIQ,0.6007088236724176,3,5,5,5,5,4,5,4,4,5
198,LowVVIQ,-1.251271361624944,1,1,3,1,2,1,1,1,2,1
199,LowVVIQ,-0.6111659166804209,2,4,4,1,5,2,5,1,1,1
200,LowVVIQ,-1.1854800845973104,1,2,2,1,3,2,3,1,1,1
201,HighVVIQ,2.1988103488837196,5,5,5,5,5,5,5,5,5,5
202,HighVVIQ,1.3124129764335104,5,5,5,5,5,5,5,2,5,5
203,LowVVIQ,-0.26514505669635297,4,3,4,1,4,1,3,1,3,1
204,HighVVIQ,0.5431940592320895,3,5,5,5,5,4,5,5,4,4
205,LowVVIQ,-0.4143399479188597,1,4,5,1,5,2,2,1,1,2
206,LowVVIQ,-0.4762468946155784,1,3,4,4,3,4,4,1,2,2
207,LowVVIQ,-0.7886028378502425,2,3,4,2,3,1,5,1,2,1
208,LowVVIQ,-0.594617267459511,2,3,5,4,3,2,5,1,1,1
209,HighVVIQ,1.6509074673366901,5,5,5,5,5,5,5,2,5,5
210,LowVVIQ,-0.0540281250854405,3,3,4,4,4,3,4,1,4,1
211,HighVVIQ,0.11924523642758414,3,5,4,4,3,4,4,1,5,2
212,HighVVIQ,0.243687429599092,3,4,5,5,5,5,5,4,3,2
213,HighVVIQ,1.2324758784853378,4,5,5,5,5,5,5,3,5,5
214,LowVVIQ,-0.5160638309447803,1,3,5,4,3,3,4,2,1,1
215,LowVVIQ,-0.9925071503920374,1,1,1,1,4,1,4,1,1,1
216,HighVVIQ,1.6756969324031898,5,5,5,5,5,5,5,4,5,5
217,LowVVIQ,-0.44116321690528554,2,1,3,2,5,3,4,2,3,1
218,LowVVIQ,-0.7230659699398736,3,3,4,1,2,1,3,1,1,1
219,LowVVIQ,-1.236273118883293,2,2,3,1,2,1,4,1,1,1
220,LowVVIQ,-1.2847157223177965,1,1,1,2,1,3,2,1,1,1
221,LowVVIQ,-0.5739734792979869,2,3,4,4,2,1,3,1,1,2
222,HighVVIQ,0.6179858171665286,3,3,5,5,5,5,5,2,5,4
223,HighVVIQ,1.1098481389297183,5,5,5,5,5,5,4,2,5,2
224,HighVVIQ,0.707588353835588,5,5,5,5,5,5,5,4,5,5
225,LowVVIQ,-0.3636572970952526,3,2,3,3,3,1,2,3,2,1
226,HighVVIQ,0.059749937384600695,2,4,5,2,4,4,5,3,4,4
227,LowVVIQ,-0.70459646368007,5,4,4,2,2,1,2,1,3,1
228,LowVVIQ,-0.7172181615740102,1,1,1,1,3,2,2,1,2,1
229,HighVVIQ,0.88465049897692,5,5,5,4,3,5,5,4,5,5
230,LowVVIQ,-1.0155925786035442,2,2,3,2,1,1,3,1,1,1
231,HighVVIQ,1.955293965492464,5,5,5,5,5,5,4,4,5,5
232,LowVVIQ,-0.09031959396585161,2,2,4,3,5,5,5,2,3,1
233,HighVVIQ,0.21453882662921628,5,2,5,3,5,5,1,1,4,3
234,LowVVIQ,-0.7385277047395734,4,3,2,2,1,5,2,3,2,1
235,LowVVIQ,-0.5743886897632697,2,3,2,3,4,2,1,1,1,1
236,LowVVIQ,-1.3170161323052418,1,3,2,1,2,1,2,1,1,1
237,LowVVIQ,-0.18292538837272732,3,4,4,2,3,4,4,2,4,1
238,HighVVIQ,0.41898240492446387,5,5,5,5,5,5,4,2,4,1
239,HighVVIQ,0.32430434416138,3,5,5,5,5,5,3,2,5,3
240,LowVVIQ,-0.7815364870547514,4,1,3,2,2,2,3,1,1,1
241,LowVVIQ,-0.7886219708540015,1,3,4,2,5,2,3,1,1,1
242,LowVVIQ,-0.5021987183428608,1,4,4,2,4,4,2,2,4,1
243,HighVVIQ,1.4960606698463506,5,5,5,5,5,5,3,5,5,5
244,LowVVIQ,-1.137303620665745,1,2,3,1,2,2,1,1,2,1
245,LowVVIQ,-0.17905159438019844,5,4,4,3,3,4,1,2,1,4
246,HighVVIQ,1.902361821678927,5,5,5,5,5,5,5,4,5,4
247,LowVVIQ,-0.1009748853288084,3,5,3,3,4,3,5,2,2,3
248,LowVVIQ,-1.3598407038213938,1,1,4,2,2,1,1,1,3,1
249,LowVVIQ,-0.6647694352740622,1,3,4,2,3,1,2,1,3,1
250,HighVVIQ,0.48545997890487813,4,5,5,2,4,5,3,5,5,2
251,LowVVIQ,-0.37560287166977346,5,3,3,2,3,1,4,1,2,2
252,LowVVIQ,-0.561876363549783,1,3,3,3,5,1,3,3,3,1
253,LowVVIQ,-0.34391723412845926,4,4,4,4,2,2,4,1,3,1
254,HighVVIQ,0.09049664713922118,3,4,2,4,4,5,5,2,1,3
255,HighVVIQ,1.598508771145826,5,5,5,4,5,5,5,3,5,1
256,LowVVIQ,-0.08856511213888398,2,3,5,3,2,5,4,2,4,1
257,HighVVIQ,1.0807994961515173,5,5,5,4,5,5,4,4,5,3
258,HighVVIQ,0.6307541156505666,3,4,5,3,4,5,4,3,5,4
259,LowVVIQ,-0.11363989550614068,4,3,3,2,3,4,3,2,4,2
260,LowVVIQ,-1.5329020028905982,2,1,2,1,1,1,1,1,1,1
261,LowVVIQ,-0.5211173175525201,5,1,2,4,3,3,2,1,3,3
262,LowVVIQ,-0.48987045313847427,3,4,5,1,4,1,4,2,2,2
263,HighVVIQ,0.04715443276152723,5,3,2,3,4,4,2,3,3,4
264,HighVVIQ,1.3001986776668206,5,5,5,5,5,5,5,4,2,3
265,HighVVIQ,2.293078973831094,5,5,5,5,5,5,5,5,5,5
266,HighVVIQ,1.5475810589837693,5,5,5,5,4,5,5,5,5,5
267,LowVVIQ,-0.13315096432894447,2,4,3,2,2,2,4,2,4,3
268,LowVVIQ,-1.7565273955576375,1,1,2,1,1,1,2,1,1,1
269,LowVVIQ,-0.3887798640717435,4,4,4,1,2,1,3,1,2,1
270,HighVVIQ,0.08920722307329454,4,3,4,5,3,4,1,3,5,2
271,HighVVIQ,0.845013004067436,5,5,3,2,5,5,4,2,5,2
272,HighVVIQ,0.962527968484271,4,5,4,5,5,5,3,3,4,3
273,HighVVIQ,0.6843094294164646,4,5,5,3,5,3,4,2,4,4
274,LowVVIQ,-1.3952743497994675,1,3,1,1,2,1,5,1,1,1
275,HighVVIQ,0.8496430456333551,5,5,5,5,5,5,5,3,4,4
276,LowVVIQ,-0.44655721642722224,1,4,5,4,2,4,2,2,1,3
277,HighVVIQ,0.17480270016125568,4,3,5,5,3,2,5,2,4,1
278,HighVVIQ,0.07455117717373456,2,3,3,3,3,3,4,4,4,3
279,HighVVIQ,0.4281667649705055,5,5,5,3,5,5,4,2,3,4
280,HighVVIQ,0.02467498282613994,4,3,4,3,5,4,4,3,4,1
281,LowVVIQ,-1.667475097585663,1,1,1,1,2,1,2,1,1,1
282,HighVVIQ,0.7364959647734421,5,5,5,2,5,5,5,4,4,4
283,HighVVIQ,0.3860265683496758,4,5,5,4,3,2,5,3,5,2
284,LowVVIQ,-0.26565162527822234,3,5,5,2,4,4,4,1,3,4
285,HighVVIQ,0.11814451104668068,4,4,5,3,4,4,3,3,3,2
286,HighVVIQ,0.13403864536846335,2,3,4,1,4,2,5,2,2,2
287,HighVVIQ,0.2210194685610021,3,4,5,4,5,4,3,2,4,1
288,HighVVIQ,1.640846165977486,5,5,5,5,5,5,5,5,5,4
289,LowVVIQ,-0.21905037893347584,5,4,4,3,3,4,2,2,2,1
290,HighVVIQ,0.16806538388465753,5,5,5,3,2,3,5,2,5,5
291,HighVVIQ,1.168383873069093,5,5,5,5,5,5,5,3,5,2
292,HighVVIQ,1.054181023376919,5,5,5,5,5,5,5,5,5,5
293,HighVVIQ,1.1452631103803574,5,5,5,5,5,5,5,3,4,5
294,LowVVIQ,-0.5774680010595568,2,4,4,1,3,3,4,1,3,1
295,HighVVIQ,2.0024827302928294,5,5,5,5,5,5,3,3,5,5
296,HighVVIQ,0.06670087093018297,5,4,4,3,4,3,4,2,3,1
297,HighVVIQ,1.8668518447068625,5,5,5,5,5,5,5,5,5,5
298,LowVVIQ,-1.3509026860307116,1,2,1,1,1,2,3,1,1,1
299,HighVVIQ,0.02098358635423748,1,5,5,3,5,2,4,1,4,1
300,HighVVIQ,1.2499145709692157,5,5,5,5,5,5,5,4,4,5
301,LowVVIQ,-0.7152421872227963,3,3,2,2,4,3,3,1,1,1
302,LowVVIQ,-0.752688968217742,3,2,3,3,1,1,4,3,2,1
303,LowVVIQ,-0.9385387036068938,1,3,3,2,1,1,3,1,2,1
304,LowVVIQ,-1.0525132793387366,1,1,2,3,2,1,3,1,1,1
305,LowVVIQ,-0.43715953318039885,4,2,4,2,4,4,2,1,2,1
306,HighVVIQ,0.33117917295898186,4,5,5,5,4,3,5,3,5,2
307,LowVVIQ,-2.01421049792072,1,1,1,1,1,1,1,1,1,1
308,HighVVIQ,0.21198043337229178,4,4,5,2,1,5,5,2,2,1
309,HighVVIQ,1.2366750464165703,5,5,5,5,5,5,4,4,5,5
310,HighVVIQ,2.037574018240435,5,5,5,5,5,5,5,3,5,5
311,HighVVIQ,1.3011759922005872,5,5,5,5,5,5,5,4,4,2
312,HighVVIQ,0.7567747637959615,5,5,5,4,5,5,5,2,5,4
313,LowVVIQ,-1.72673039911433,1,1,1,1,1,1,3,1,1,1
314,LowVVIQ,-0.601506708006782,5,2,4,1,4,3,2,1,3,1
315,LowVVIQ,-0.35204645658261685,3,4,5,2,3,1,4,2,4,1
316,HighVVIQ,0.7035239027568945,5,5,5,5,5,5,4,2,5,3
317,LowVVIQ,-0.10567133400377447,1,4,4,4,2,4,1,1,5,2
318,LowVVIQ,-1.2586486280601719,1,1,2,2,2,1,2,1,1,1
319,HighVVIQ,1.6844357080941148,5,5,5,5,5,5,5,1,5,5
320,HighVVIQ,0.9113912917959627,5,5,3,5,5,4,5,3,3,5
321,HighVVIQ,0.23743027249102577,3,5,5,5,3,4,3,3,4,5
322,HighVVIQ,1.2181086103258114,5,5,5,5,5,5,5,5,5,2
323,LowVVIQ,-1.3387742872349724,1,1,1,2,1,1,5,1,3,1
324,HighVVIQ,0.6608202977898003,5,5,5,4,5,3,5,2,5,1
325,LowVVIQ,-0.5229123763134219,4,4,1,2,3,5,4,1,3,1
326,HighVVIQ,0.6837455218507125,5,5,5,4,5,5,5,3,3,3
327,LowVVIQ,-0.06082195466007423,3,4,2,3,5,5,4,1,1,2
328,HighVVIQ,0.63296071303145085,3,5,3,4,5,5,5,4,4,3
329,HighVVIQ,1.335517615059392,5,5,5,5,5,5,5,3,5,4
330,LowVVIQ,0.0072900903168987945,3,4,5,1,4,4,3,3,3,1
331,HighVVIQ,1.0175586369520924,5,5,5,5,5,5,5,1,4,3
332,LowVVIQ,-1.188434035147979,1,1,2,1,2,3,1,1,1,1
333,LowVVIQ,-0.7216044404360152,4,3,4,1,3,4,2,1,3,1
334,HighVVIQ,1.5192177113881782,5,5,5,5,5,5,5,3,5,4
335,HighVVIQ,0.3773879730239293,3,5,5,4,5,5,4,2,4,1
336,LowVVIQ,-2.05222282043373,1,1,2,1,1,1,2,1,1,1
337,LowVVIQ,-1.3640374520823753,1,1,4,1,3,1,4,1,1,2
338,LowVVIQ,-0.2007810155891212,3,2,5,4,4,4,3,3,4,1
339,HighVVIQ,0.865779404334488,5,5,5,5,5,5,4,2,4,5
340,LowVVIQ,-0.10188325571522247,4,5,5,3,2,3,4,1,4,2
341,HighVVIQ,0.6241874720206527,3,4,5,5,4,5,2,2,5,3
342,HighVVIQ,0.9590053777878254,5,5,3,4,4,5,4,5,5,4
343,HighVVIQ,1.6710548288629392,5,5,5,5,5,5,5,5,5,5
344,HighVVIQ,0.056016733274961934,2,3,4,4,3,4,2,2,3,2
345,LowVVIQ,-0.05198190618089897,4,4,5,1,4,5,4,2,1,1
346,LowVVIQ,-1.7532373591422696,1,1,1,1,1,2,1,1,1,1
347,HighVVIQ,0.09932759408782749,5,5,5,3,3,3,5,1,4,3
348,LowVVIQ,-0.5718500578955633,2,3,2,1,3,3,3,1,1,1
349,LowVVIQ,-0.9740095828040912,1,2,2,1,2,3,1,2,1,1
350,LowVVIQ,-0.1799062310475403,3,3,4,2,3,3,4,2,3,1
351,HighVVIQ,1.0149431727436575,5,5,5,5,5,5,5,2,5,4
352,LowVVIQ,-1.9927484886885825,1,1,1,1,1,1,2,1,1,1
353,LowVVIQ,-0.4272792872054287,1,3,3,3,4,4,4,1,2,1
354,HighVVIQ,0.11663728358270642,3,4,5,4,5,5,3,4,4,2
355,LowVVIQ,-0.893207570054953,1,2,3,4,2,1,2,1,1,1
356,HighVVIQ,0.3339029424992251,4,5,5,4,5,5,5,3,5,2
357,HighVVIQ,0.4114299206157307,2,4,3,2,4,3,5,2,5,3
358,LowVVIQ,-0.033036159275991746,1,3,4,3,4,4,1,3,1,1
359,LowVVIQ,-2.4658981937600273,1,1,1,1,1,1,1,1,1,1
360,HighVVIQ,2.5714581458666377,5,5,5,5,5,5,5,4,5,5
361,LowVVIQ,-0.2052992574681995,1,4,3,5,3,5,2,2,1,1
362,HighVVIQ,0.6511932815876703,4,5,5,5,5,3,5,2,1,5
363,HighVVIQ,0.273766491036548,4,5,5,5,5,5,4,3,4,4
364,HighVVIQ,1.0246732348183503,5,5,5,5,5,5,5,3,5,5
365,HighVVIQ,0.8176594463740879,5,5,5,4,5,5,5,3,4,3
366,LowVVIQ,-0.20979317122850863,5,2,5,3,4,2,5,1,4,3
367,HighVVIQ,0.378167772208507,3,5,4,5,3,5,5,3,5,1
368,LowVVIQ,-0.9454088311238928,1,1,2,3,2,3,1,1,2,1
369,HighVVIQ,0.8569230108993184,5,5,5,5,5,5,3,1,5,1
370,LowVVIQ,-0.461038338884354,4,2,4,2,3,1,4,1,2,1
371,HighVVIQ,2.416773353788211,5,5,5,5,5,5,5,4,5,5
372,LowVVIQ,-1.6510488956881872,1,1,1,1,1,1,1,1,1,1
373,LowVVIQ,-0.4639872429660149,3,2,5,1,3,1,5,1,1,2
374,HighVVIQ,0.8253798627592425,4,5,5,5,5,5,5,1,5,3
375,HighVVIQ,0.5101325468786635,5,5,5,5,5,5,4,3,4,2
376,LowVVIQ,-0.5894810385150003,3,1,3,3,1,1,3,2,1,2
377,LowVVIQ,-0.9967807422075223,1,2,2,1,2,2,1,1,2,2
378,HighVVIQ,0.14447570471069665,4,4,4,4,5,1,2,4,4,3
379,LowVVIQ,-0.014307413166913387,3,2,5,3,5,3,4,3,2,3
380,LowVVIQ,-1.7902812372640602,1,1,2,1,1,1,2,1,1,1
381,HighVVIQ,0.034551067133851025,3,4,5,3,2,2,2,3,3,2
382,HighVVIQ,0.1902303156924571,5,4,5,3,3,5,2,1,3,2
383,HighVVIQ,0.17472639698184156,2,5,4,4,5,5,5,3,3,2
384,LowVVIQ,-1.0550170426026815,1,1,3,1,3,1,3,2,1,1
385,HighVVIQ,0.476133278302629,4,5,5,4,4,5,5,2,5,1
386,HighVVIQ,1.3785701369592405,5,5,5,5,5,5,5,5,5,3
387,HighVVIQ,0.4562364031798125,3,5,5,3,5,5,5,2,5,3
388,LowVVIQ,-1.135588470374343,1,1,2,1,2,2,1,2,3,1
389,LowVVIQ,-0.43564546969190504,2,2,5,5,3,1,5,1,3,2
390,HighVVIQ,0.34610361955360675,1,3,5,5,5,2,3,1,4,2
391,LowVVIQ,-0.647045631318269,3,2,3,2,3,5,2,1,3,1
392,LowVVIQ,-2.157646335015277,1,2,2,1,1,1,2,1,1,1
393,HighVVIQ,0.884250820028209,5,5,5,5,5,5,5,1,5,4
394,LowVVIQ,-0.829477611624518,2,4,2,1,1,1,4,1,4,1
395,LowVVIQ,-0.5735602707682829,1,4,4,2,3,4,4,3,2,1
396,HighVVIQ,1.503900609004535,5,5,5,5,5,5,4,2,5,5
397,LowVVIQ,-0.774144929605405,5,3,4,1,3,4,1,1,1,2
398,HighVVIQ,0.8457315401892959,4,5,5,5,5,3,3,2,4,3
399,LowVVIQ,-1.2606828788187754,1,1,5,1,1,1,3,1,2,1
400,LowVVIQ,-0.3545424030739777,2,2,5,4,3,3,3,1,3,3
401,LowVVIQ,-0.07355601913647834,3,2,4,2,4,4,4,1,2,1
402,LowVVIQ,-1.1686514244243555,1,1,3,1,1,1,4,1,3,1
403,LowVVIQ,-0.6347482649089092,1,4,2,2,3,1,2,1,1,1
404,LowVVIQ,-0.028841552928314446,4,5,4,2,4,4,5,2,3,2
405,HighVVIQ,0.6706959687339302,5,5,5,5,5,4,4,3,4,5
406,LowVVIQ,-1.6505465434251092,1,1,1,1,3,2,3,1,1,1
407,LowVVIQ,-0.3497542392112684,2,5,5,1,1,1,3,3,2,1
408,HighVVIQ,0.7564064385454836,5,5,5,4,5,5,4,3,5,1
409,LowVVIQ,-0.5388091599775925,3,4,1,1,4,1,4,1,1,1
410,HighVVIQ,0.22729192167294204,2,4,4,5,4,4,5,1,5,3
411,HighVVIQ,0.4922285700644314,5,5,5,5,5,5,3,2,3,4
412,HighVVIQ,0.26783501533168314,5,5,5,3,3,5,4,1,5,4
413,HighVVIQ,0.6532576794713816,5,5,5,5,5,3,5,5,4,3
414,LowVVIQ,-0.12270866097738006,4,3,5,3,1,1,3,1,4,2
415,LowVVIQ,-0.41367651359212027,3,4,3,5,4,3,3,2,2,2
416,LowVVIQ,-2.6431489520289784,1,1,1,1,1,1,3,1,1,1
417,LowVVIQ,-0.09294101847947203,3,3,3,3,5,4,2,1,1,2
418,HighVVIQ,0.4302846963599871,3,3,5,3,1,3,5,3,3,2
419,HighVVIQ,0.5353988408681499,4,5,5,4,5,3,4,1,4,1
420,LowVVIQ,-0.5552783513132517,3,2,4,2,2,2,3,2,2,1
421,HighVVIQ,1.7795029097751494,5,5,5,5,5,5,5,3,5,5
422,HighVVIQ,0.2864244196288247,4,5,4,5,2,5,5,1,4,2
423,HighVVIQ,0.12631585845888565,4,5,5,4,5,3,5,2,5,2
424,HighVVIQ,1.272266779468519,5,5,5,5,5,5,5,4,4,3
425,LowVVIQ,-0.7184662213192593,4,3,2,3,3,4,4,1,2,2
426,LowVVIQ,-0.4503386239247119,1,1,3,1,3,5,2,1,3,1
427,HighVVIQ,2.397452480049763,5,5,5,5,5,5,5,5,5,5
428,LowVVIQ,0.011129187220887952,3,5,5,4,4,4,1,2,3,1
429,HighVVIQ,1.6335684214083066,5,5,5,5,5,5,5,5,5,2
430,LowVVIQ,-1.438506644914523,1,2,1,1,1,1,4,1,1,1
431,LowVVIQ,-0.19051680204290142,2,3,2,4,4,2,3,1,1,3
432,HighVVIQ,0.37842390363683187,3,2,5,5,4,5,4,5,5,2
433,HighVVIQ,0.30003854520579754,3,3,5,4,5,2,4,1,3,1
434,LowVVIQ,-1.0056362595108368,3,3,3,1,2,1,3,1,1,1
435,HighVVIQ,0.019259274625370804,3,4,3,2,3,3,4,2,4,2
436,LowVVIQ,-1.0774206531119819,1,1,1,2,3,1,1,1,2,2
437,HighVVIQ,0.7127033252442824,5,5,5,5,5,2,4,2,2,5
438,HighVVIQ,1.0847750898606459,5,5,5,5,5,5,5,1,5,5
439,LowVVIQ,-2.2249876964874127,1,1,1,1,1,1,2,1,1,1
440,HighVVIQ,1.2356934623001432,5,5,5,5,5,5,5,3,4,3
441,LowVVIQ,-1.241044496808491,1,1,3,3,1,1,1,2,1,1
442,HighVVIQ,0.45476926898263287,3,4,4,4,5,4,5,2,4,4
443,HighVVIQ,0.6599026381426083,5,5,5,5,5,4,5,4,5,4
444,LowVVIQ,-0.1998898281014332,4,5,3,2,4,3,2,1,1,3
445,LowVVIQ,-0.6451139568597918,3,1,4,3,3,3,3,2,1,1
446,HighVVIQ,0.16532102124205025,5,5,5,4,5,5,3,2,5,3
447,HighVVIQ,0.4388187007144536,4,5,4,5,5,3,4,3,5,4
448,HighVVIQ,0.8833028199487049,5,5,5,4,4,5,5,3,5,2
449,LowVVIQ,-2.0523369839019527,1,1,1,1,1,1,3,1,1,1
450,LowVVIQ,-1.6363792680590246,1,1,2,1,1,1,2,1,1,1
451,HighVVIQ,1.430402341188183,5,5,5,5,5,5,5,5,4,5
452,HighVVIQ,1.046628847111547,4,5,5,5,5,5,5,4,5,4
453,HighVVIQ,0.4352889489076821,5,5,4,4,4,3,5,2,4,1
454,HighVVIQ,0.7151784071110604,5,5,3,5,5,5,3,2,5,2
455,HighVVIQ,0.9171749176410033,5,5,5,4,4,5,5,1,5,4
456,LowVVIQ,-2.660922798465681,1,1,1,1,1,1,1,1,1,1
457,HighVVIQ,1.1102770966388196,5,5,5,5,5,4,5,3,4,5
458,LowVVIQ,-0.4849875965623248,1,3,5,3,3,3,4,2,2,1
459,HighVVIQ,0.23061683063120178,3,4,4,1,5,5,5,3,3,2
460,LowVVIQ,-0.29515780088357724,3,4,5,2,1,4,4,1,1,3
461,HighVVIQ,0.871964954078744,5,5,5,5,5,5,5,2,5,3
462,LowVVIQ,-0.3484724489556109,3,4,3,3,5,1,4,3,1,1
463,HighVVIQ,0.5185037658882478,4,4,5,5,4,5,3,1,3,4
464,LowVVIQ,-0.3906849786389791,2,2,4,2,3,3,2,1,3,3
465,LowVVIQ,-1.0927872091015058,1,3,2,1,4,2,2,1,2,1
466,HighVVIQ,1.2100105104402648,5,5,5,5,4,5,5,3,5,4
467,HighVVIQ,0.7409000112742742,5,5,5,5,4,5,4,1,5,3
468,HighVVIQ,1.7242622391564528,5,5,4,5,5,5,5,3,5,5
469,HighVVIQ,0.0651539325793032,1,5,4,5,5,5,5,5,2,2
470,HighVVIQ,1.1250027458281737,5,5,5,5,5,4,4,3,5,5
471,HighVVIQ,1.9754190540190784,5,5,5,5,5,5,5,4,5,5
472,LowVVIQ,-0.28148211503896653,2,2,5,3,3,2,3,2,1,1
473,LowVVIQ,-1.3229511127552154,1,1,3,1,1,4,2,1,1,1
474,LowVVIQ,-0.2393515671381162,2,2,5,5,5,2,3,2,2,2
475,LowVVIQ,-0.2140412399853833,1,4,5,2,4,4,3,2,3,1
476,HighVVIQ,0.15168050450931972,5,5,3,3,2,4,3,2,2,3
477,HighVVIQ,1.7123049773192824,4,5,5,5,5,5,5,4,5,5
478,LowVVIQ,-0.32614389250534814,3,2,5,1,4,3,5,1,4,1
479,HighVVIQ,0.37300465580491543,5,5,5,3,5,4,5,3,4,3
480,LowVVIQ,-0.22768406489553114,2,3,5,3,2,4,5,1,1,1
481,HighVVIQ,0.020450708525032547,4,5,5,4,4,4,2,1,5,1
482,HighVVIQ,0.31405766350626224,5,4,5,5,4,2,3,3,3,3
483,HighVVIQ,1.3282146960369865,5,5,5,5,5,5,5,5,5,4
484,HighVVIQ,0.12131837749077803,4,4,4,5,2,3,5,1,3,1
485,HighVVIQ,0.7128423200311134,5,5,5,4,5,5,5,1,3,3
486,HighVVIQ,0.7788600297835346,5,5,5,3,5,5,5,3,5,4
487,HighVVIQ,0.9147732708556343,5,5,5,3,4,5,5,3,5,3
488,LowVVIQ,-0.5743945521843834,1,1,4,4,1,1,1,2,1,3
489,HighVVIQ,1.626881214194677,5,5,5,5,5,5,5,4,5,5
490,LowVVIQ,-0.38095673929401297,3,5,3,2,4,1,2,1,3,1
491,LowVVIQ,-0.10578416764975175,3,2,5,3,4,3,2,4,1,3
492,HighVVIQ,1.4040502677141713,5,5,5,5,5,5,5,3,5,5
493,HighVVIQ,1.2940839061455802,5,5,5,5,5,5,5,4,4,3
494,LowVVIQ,-1.089991872411238,1,3,2,1,1,1,2,1,1,2
495,LowVVIQ,-0.8730710004174634,1,3,1,1,4,1,3,1,1,2
496,LowVVIQ,-1.3580790593706142,1,1,2,2,1,1,1,2,1,1
497,HighVVIQ,0.18184719261983215,5,5,5,4,4,4,4,1,5,3
498,HighVVIQ,0.16484086791846608,5,3,5,3,4,5,4,1,3,1
499,HighVVIQ,0.3641146873550629,3,5,4,5,5,3,4,4,4,5
500,HighVVIQ,0.5521577142185579,5,5,4,2,2,5,3,1,4,2
501,LowVVIQ,-0.6018928459850164,3,2,4,1,4,1,3,2,1,1
502,LowVVIQ,-0.9936985910987144,1,1,4,2,3,1,3,1,2,1
503,HighVVIQ,1.0267850560749041,5,5,5,5,5,5,4,4,4,4
504,HighVVIQ,0.7510613026063233,5,5,5,3,5,5,4,4,5,5
505,LowVVIQ,-1.509166537328701,1,1,1,2,1,1,1,1,3,1
506,LowVVIQ,-0.09514745084928676,2,4,3,5,2,3,3,1,3,1
507,LowVVIQ,-0.8959478227564988,1,2,1,1,3,1,3,2,2,1
508,LowVVIQ,-2.070751070541964,1,1,2,1,1,1,1,1,1,1
509,HighVVIQ,0.15012013118814335,3,3,5,5,5,4,3,1,5,5
510,LowVVIQ,-0.07921170925858824,2,4,5,4,3,1,2,1,1,1
511,LowVVIQ,-0.09736926751308099,5,1,3,3,1,3,5,1,2,3
512,HighVVIQ,0.21615254180123264,4,3,5,3,4,3,5,2,4,3
513,HighVVIQ,0.8824651643965872,5,5,5,5,3,5,4,3,5,5
514,HighVVIQ,0.20559750448338662,4,3,5,1,3,5,5,5,2,1
515,LowVVIQ,-0.6164358428735284,1,3,4,1,4,5,5,2,1,1
516,LowVVIQ,-0.7347992519212811,2,4,5,3,5,3,3,1,1,1
517,LowVVIQ,-0.13180279304118106,3,2,5,1,3,3,3,1,5,1
518,HighVVIQ,0.31001698657895177,5,5,5,3,5,5,5,1,5,1
519,LowVVIQ,-1.0396803527020415,1,3,1,1,1,3,1,1,2,1
520,LowVVIQ,-0.18430886884238382,2,2,3,3,5,3,3,1,1,4
521,HighVVIQ,0.9672672601679138,5,5,5,3,5,5,4,3,5,3
522,LowVVIQ,-0.10828009123448613,2,5,5,4,3,4,2,1,2,3
523,LowVVIQ,-0.6984206675943903,3,2,3,1,3,2,4,1,2,1
524,LowVVIQ,-0.27594516842553973,5,3,4,3,2,3,3,3,3,1
525,HighVVIQ,1.1146485453619799,5,5,5,5,5,5,5,3,5,5
526,HighVVIQ,0.550043961214136,4,5,5,5,5,5,1,3,4,4
527,HighVVIQ,1.2366758000816054,5,5,5,5,5,5,5,3,5,3
528,HighVVIQ,0.1390978571617711,4,4,3,3,3,3,3,4,4,3
529,HighVVIQ,0.41027509649042515,4,5,5,5,4,5,4,2,5,3
530,LowVVIQ,-0.5584569123481329,2,4,4,3,3,2,2,2,3,1
531,HighVVIQ,0.6053706689303329,4,4,5,5,5,5,5,3,5,2
532,LowVVIQ,-0.5063335421892394,1,1,3,3,5,3,5,2,2,1
533,LowVVIQ,-1.4205655046957444,2,1,2,1,3,1,3,1,1,1
534,HighVVIQ,0.12799296568412577,3,5,3,5,5,3,3,3,3,2
535,HighVVIQ,1.9458512177314353,5,5,5,5,5,5,5,4,5,5
536,HighVVIQ,0.8009143395730616,5,5,3,5,5,4,4,5,5,3
537,HighVVIQ,1.1652533899462603,5,5,5,5,5,5,5,3,5,5
538,HighVVIQ,0.3588557230931522,5,5,5,3,4,3,4,2,5,2
539,LowVVIQ,-0.6085571783162245,2,1,2,4,2,2,3,1,2,1
540,LowVVIQ,-0.20224085511028375,5,4,5,2,2,4,4,2,1,3
541,LowVVIQ,-0.27324810681192524,3,5,5,5,3,2,2,2,2,3
542,LowVVIQ,-0.4686997797820871,2,3,5,2,3,3,5,2,3,1
543,HighVVIQ,0.7041672839297158,5,5,5,4,3,5,5,4,4,3
544,LowVVIQ,-1.1973635023654117,1,1,2,2,1,1,3,1,1,1
545,HighVVIQ,0.8663661321127734,4,5,5,5,5,5,5,4,4,4
546,HighVVIQ,0.8641524862258932,5,5,5,5,4,5,3,1,5,4
547,LowVVIQ,-1.1986223590687484,1,1,3,1,1,1,4,1,1,1
548,HighVVIQ,0.6394919979005336,5,5,5,5,5,3,5,4,4,3
549,HighVVIQ,2.4302266523445084,5,5,5,5,5,5,5,3,5,5
550,LowVVIQ,-0.5572154819416083,1,5,2,1,3,1,3,1,4,2
551,HighVVIQ,0.8449042414080717,3,4,5,4,5,5,4,2,5,3
552,LowVVIQ,-0.7822018456194033,2,2,5,1,1,1,2,1,2,1
553,HighVVIQ,1.1107114182028008,5,5,5,5,5,5,5,3,5,4
554,HighVVIQ,0.2498247199265625,2,5,5,4,5,5,5,4,3,2
555,HighVVIQ,1.6519153916231646,5,5,5,5,5,5,5,2,5,5
556,LowVVIQ,-1.4589707285369156,1,1,1,3,1,1,2,1,1,1
557,LowVVIQ,-0.051297886125361236,5,4,3,3,2,2,3,1,4,3
558,LowVVIQ,-0.5269251761255977,1,5,3,5,4,2,5,1,1,1
559,LowVVIQ,-0.1972648690762991,3,4,5,1,4,4,2,2,3,1
560,LowVVIQ,-0.629578742686005,2,1,4,4,5,3,3,1,3,1
561,LowVVIQ,-0.8338435805350006,2,4,4,2,5,3,4,1,3,2
562,HighVVIQ,0.5787223746164499,4,5,5,4,4,5,3,5,4,1
563,LowVVIQ,-1.0875807140769271,1,1,5,1,1,1,1,1,1,1
564,HighVVIQ,1.4840309315562832,4,5,5,5,5,5,5,2,5,3
565,LowVVIQ,-1.1862065853137507,1,1,1,3,4,1,5,1,1,1
566,HighVVIQ,0.10107915139527966,4,4,3,1,3,4,3,2,4,3
567,HighVVIQ,0.5329892868264807,4,5,3,5,4,4,4,2,2,3
568,HighVVIQ,0.5867353390926253,5,5,2,5,5,5,3,4,4,4
569,LowVVIQ,-0.3017466638663803,2,2,5,2,5,4,5,1,4,2
570,HighVVIQ,0.07950199532840103,4,4,4,3,4,4,3,2,4,3
571,HighVVIQ,0.9612641518096774,5,5,5,5,4,5,4,1,5,5
572,LowVVIQ,-1.4564659170764258,1,1,3,1,1,1,1,1,1,1
573,LowVVIQ,-0.7817397115320819,1,3,2,3,4,1,2,1,1,1
574,HighVVIQ,0.3204023143166103,5,3,5,4,5,4,3,1,4,2
575,LowVVIQ,-0.4447819783369915,1,3,4,3,3,2,4,1,3,1
576,HighVVIQ,1.3700039939710003,5,5,5,5,5,5,5,2,5,5
577,HighVVIQ,0.6732538633548357,5,4,5,2,5,5,5,4,3,2
578,HighVVIQ,0.07216675241475584,5,5,5,3,4,5,3,3,3,1
579,LowVVIQ,-1.50775731753668,1,1,3,1,1,1,3,1,1,1
580,HighVVIQ,0.026100225326241802,2,4,4,2,5,3,1,4,5,1
581,LowVVIQ,-0.3164158681969931,3,3,2,4,5,5,5,1,4,1
582,LowVVIQ,-0.10234651352059783,2,4,5,3,4,3,4,3,1,2
583,LowVVIQ,-1.1815592270556854,2,1,4,1,3,1,2,1,1,1
584,HighVVIQ,0.49865804382992457,3,5,5,5,5,5,5,4,4,1
585,LowVVIQ,-1.038956440307033,1,1,4,2,3,1,1,1,2,2
586,LowVVIQ,-0.22622198144240974,4,2,3,3,3,4,3,1,2,1
587,HighVVIQ,0.3814258294513523,3,4,4,4,5,3,4,3,5,4
588,LowVVIQ,-0.783515789013048,3,2,2,1,3,3,1,3,1,1
589,HighVVIQ,0.5829914056800642,4,5,5,4,4,2,4,2,4,4
590,LowVVIQ,-1.3165104016516926,1,3,3,4,2,1,2,1,1,1
591,LowVVIQ,-2.8097746789605416,1,1,1,1,1,1,1,1,1,1
592,HighVVIQ,0.4649679907858525,3,5,3,5,5,4,3,2,4,1
593,HighVVIQ,0.8405398269609996,5,5,4,5,2,5,5,3,5,4
594,LowVVIQ,-0.2858454235913839,2,3,4,4,5,3,2,2,2,1
595,HighVVIQ,0.5041262545916082,5,3,5,4,4,5,3,4,3,4
596,LowVVIQ,-1.1559165250836716,1,2,1,3,1,2,2,1,1,1
597,LowVVIQ,-0.1271486068256622,2,3,3,2,5,3,5,1,2,1
598,LowVVIQ,-1.9415183760406178,1,1,1,1,1,1,2,1,1,1
599,HighVVIQ,1.1811808914385218,4,5,5,5,5,5,5,1,5,4
600,HighVVIQ,1.859910861543161,5,5,5,5,5,5,5,5,5,5
